schema	fixture	hash	x_bases	y_bases	resolution	k	registers	b_bits	hll_precision	hash_mkmer_s	hash_checksum	build_ms	matrix_median_ms	bytes	mean_core_occupancy	fingerprint32_collisions	cells	false_missing	false_present	mean_abs_error	p50_abs_error	p95_abs_error	max_abs_error	max_overestimate	worst_column	worst_row	worst_estimate	worst_exact	mashmap_mean_abs_error	mashmap_p95_abs_error	direction_correct_cells	direction_tested_cells	passed
backend-v1	chm13_chr1_hor	packed_fmix64	262144	262144	32	21	512	14	12	242.665	cfc3cf955812f1da	12.993	0.251	1886418	0.98638916	0	1024	0	0	0.00119764	0.00102109	0.00312075	0.00469261	0.00469261	18	10	0.98080000	0.97610739	0.00139402	0.00371376	0	0	true
backend-v1	chm13_chr1_hor	packed_fmix64	262144	262144	32	21	1024	14	12	242.665	cfc3cf955812f1da	18.404	0.619	3221714	0.89105225	0	1024	0	0	0.00085709	0.00073211	0.00207705	0.00409261	0.00409261	18	10	0.98020000	0.97610739	0.00114741	0.00306969	0	0	true
backend-v1	chm13_chr1_hor	packed_fmix64	262144	262144	32	21	2048	14	12	242.665	cfc3cf955812f1da	25.665	1.002	5892306	0.67616272	0	1024	0	0	0.00064145	0.00050000	0.00165452	0.00249161	0.00249161	24	10	0.97710000	0.97460839	0.00117215	0.00317333	0	0	true
backend-v1	chm13_chr1_hor	packed_fmix64	262144	262144	32	21	4096	14	12	242.665	cfc3cf955812f1da	32.303	2.241	11233490	0.42920685	0	1024	0	0	0.00046937	0.00037722	0.00126106	0.00191680	0.00191680	20	4	0.98060000	0.97868320	0.00112614	0.00305205	0	0	true
backend-v1	chm13_chr1_hor	nthash2	262144	262144	32	21	512	14	12	227.464	442c38caea2b506e	12.543	0.234	1886418	0.98632812	0	1024	0	0	0.00128022	0.00098335	0.00370439	0.00564400	0.00486937	27	14	0.97190000	0.97754400	0.00162089	0.00452960	0	0	true
backend-v1	chm13_chr1_hor	nthash2	262144	262144	32	21	1024	14	12	227.464	442c38caea2b506e	18.172	0.616	3221714	0.89465332	0	1024	0	0	0.00090382	0.00072807	0.00238959	0.00467497	0.00322382	16	5	0.96890000	0.97357497	0.00128907	0.00336472	0	0	true
backend-v1	chm13_chr1_hor	nthash2	262144	262144	32	21	2048	14	12	227.464	442c38caea2b506e	25.260	0.992	5892306	0.67820740	0	1024	0	0	0.00084150	0.00070349	0.00213576	0.00311796	0.00141828	21	5	0.97030000	0.97341796	0.00107340	0.00283037	0	0	true
backend-v1	chm13_chr1_hor	nthash2	262144	262144	32	21	4096	14	12	227.464	442c38caea2b506e	31.591	2.155	11233490	0.43370819	0	1024	0	0	0.00056449	0.00048332	0.00137703	0.00181828	0.00181828	17	4	0.97700000	0.97518172	0.00109975	0.00278541	0	0	true
backend-v1	chm13_chr1_hor	mashmap_murmur3	262144	262144	32	21	512	14	12	27.785	14a6772490c81c8e	29.589	0.236	1886418	0.88348389	0	1024	0	0	0.00193632	0.00147383	0.00500739	0.00718298	0.00223044	25	16	0.97030000	0.97748298	0.00183759	0.00466666	0	0	true
backend-v1	chm13_chr1_hor	mashmap_murmur3	262144	262144	32	21	1024	14	12	27.785	14a6772490c81c8e	34.114	0.638	3221714	0.77331543	0	1024	0	0	0.00113128	0.00089668	0.00293977	0.00498185	0.00293977	25	3	0.97310000	0.97808185	0.00132538	0.00345530	0	0	true
backend-v1	chm13_chr1_hor	mashmap_murmur3	262144	262144	32	21	2048	14	12	27.785	14a6772490c81c8e	41.722	0.997	5892306	0.60136414	0	1024	0	0	0.00076539	0.00062605	0.00204548	0.00437482	0.00221050	31	16	0.96570000	0.97007482	0.00114319	0.00291103	0	0	true
backend-v1	chm13_chr1_hor	mashmap_murmur3	262144	262144	32	21	4096	14	12	27.785	14a6772490c81c8e	47.470	2.231	11233490	0.39773560	0	1024	0	0	0.00059583	0.00048507	0.00147111	0.00233071	0.00136846	8	3	0.96680000	0.96913071	0.00101511	0.00265202	0	0	true
