schema	fixture	x_bases	y_bases	resolution	k	registers	b_bits	sparse_cap	min_expected_matches	ani_floor	build_ms	matrix_median_ms	first_view_ms	bytes	retained_sparse_cores	retained_sparse_hashes	corrected_directed_cells	cells	false_missing	false_present	relevant_cells	relevant_mean_containment_error	relevant_p95_containment_error	relevant_max_containment_error	relevant_mean_ani_error	relevant_p95_ani_error	relevant_max_ani_error	all_mean_ani_error	all_p95_ani_error	all_max_ani_error	mashmap_mean_ani_delta	mashmap_p95_ani_delta	direction_correct_cells	direction_tested_cells	mean_core_occupancy	fingerprint32_collisions	passed
backend-v2	identity	262144	262144	32	21	2048	14	8192	8.0	0.80	47.023	132.910	179.934	20575252	64	524248	2048	1024	0	0	94	0.00000000	0.00000000	0.00000000	0.00000000	0.00000000	0.00000000	0.00000000	0.00000000	0.00000000	0.00009423	0.00034866	32	32	0.98252869	0	true
backend-v2	substitution_01pct	262144	262144	32	21	2048	14	8192	8.0	0.80	46.281	110.240	156.521	20575272	64	524248	2048	1024	0	0	94	0.00000000	0.00000000	0.00000000	0.00000000	0.00000000	0.00000000	0.00000000	0.00000000	0.00000000	0.00013753	0.00089027	32	32	0.98243713	0	true
backend-v2	substitution_05pct	262144	262144	32	21	2048	14	8192	8.0	0.80	45.064	80.775	125.839	20575272	64	524248	2048	1024	0	0	94	0.00000000	0.00000000	0.00000000	0.00000000	0.00000000	0.00000000	0.00000000	0.00000000	0.00000000	0.00025720	0.00246535	32	32	0.98163605	0	true
backend-v2	substitution_10pct	262144	262144	32	21	2048	14	8192	8.0	0.80	45.475	63.228	108.703	20575272	64	524248	2048	1024	0	0	94	0.00000000	0.00000000	0.00000000	0.00000000	0.00000000	0.00000000	0.00000000	0.00000000	0.00000000	0.00061101	0.00523025	32	32	0.98207855	0	true
backend-v2	indel_05pct	262144	262144	32	21	2048	14	8192	8.0	0.80	45.154	56.014	101.168	20575258	64	524247	2048	1024	0	0	86	0.00000000	0.00000000	0.00000000	0.00000000	0.00000000	0.00000000	0.00000000	0.00000000	0.00000000	0.00293850	0.01221082	32	32	0.98190308	0	true
backend-v2	offset_1kb	262144	262144	32	21	2048	14	8192	8.0	0.80	45.268	131.634	176.902	20575256	64	524248	2048	1024	0	0	95	0.00000000	0.00000000	0.00000000	0.00000000	0.00000000	0.00000000	0.00000000	0.00000000	0.00000000	0.00011464	0.00039909	32	32	0.98239136	0	true
backend-v2	central_inversion	262144	262144	32	21	2048	14	8192	8.0	0.80	45.257	132.274	177.531	20575270	64	524248	2048	1024	0	0	98	0.00000000	0.00000000	0.00000000	0.00000000	0.00000000	0.00000000	0.00000000	0.00000000	0.00000000	0.00010314	0.00053746	0	0	0.98257446	0	true
backend-v2	reverse_complement	262144	262144	32	21	2048	14	8192	8.0	0.80	45.254	139.057	184.310	20575272	64	524248	2048	1024	0	0	94	0.00000000	0.00000000	0.00000000	0.00000000	0.00000000	0.00000000	0.00000000	0.00000000	0.00000000	0.00009468	0.00044439	2	2	0.98261261	0	true
backend-v2	low_complexity	262144	262144	32	21	2048	14	8192	8.0	0.80	13.569	17.083	30.651	6539872	64	26174	2048	1024	0	0	1024	0.00000000	0.00000000	0.00000000	0.00000000	0.00000000	0.00000000	0.00000000	0.00000000	0.00000000	0.00348331	0.00818059	32	32	0.16634369	0	true
backend-v2	tandem_repeat	262144	262144	32	21	2048	14	8192	8.0	0.80	8.514	15.898	24.411	5924318	64	1810	2048	1024	0	0	1024	0.00000000	0.00000000	0.00000000	0.00000000	0.00000000	0.00000000	0.00000000	0.00000000	0.00000000	0.00000000	0.00000000	0	0	0.01380920	0	true
backend-v2	unrelated	262144	262144	32	21	2048	14	8192	8.0	0.80	45.213	54.924	100.137	20575254	64	524248	2048	1024	0	0	0	NaN	NaN	NaN	NaN	NaN	NaN	0.00000000	0.00000000	0.00000000	0.00000000	0.00000000	0	0	0.98204041	0	true
backend-v2	ambiguity_blocks	262144	262144	32	21	2048	14	8192	8.0	0.80	41.840	99.185	141.025	13235236	64	456152	2048	1024	0	0	94	0.00000000	0.00000000	0.00000000	0.00000000	0.00000000	0.00000000	0.00000000	0.00000000	0.00000000	0.00009571	0.00046294	32	32	0.96990967	0	true
backend-v2	sparse_valid_islands	262144	262144	32	21	2048	14	8192	8.0	0.80	5.163	11.686	16.849	6124588	64	13824	2048	1024	0	0	94	0.00000000	0.00000000	0.00000000	0.00000000	0.00000000	0.00000000	0.00000000	0.00000000	0.00000000	0.00000000	0.00000000	32	32	0.10018921	0	true
backend-v2	alternating_context	262144	262144	32	21	2048	14	8192	8.0	0.80	29.840	38.019	67.859	10051754	64	161504	1488	1024	0	0	784	0.00006338	0.00000000	0.01683045	0.00000527	0.00000000	0.00148497	0.00770807	0.00566153	0.71869831	0.09434016	0.71416435	32	32	0.57888794	0	true
backend-v2	unequal_length_padding	262144	196608	32	21	2048	14	8192	8.0	0.80	40.242	97.847	138.089	18740272	56	458712	1536	1024	0	0	71	0.00000000	0.00000000	0.00000000	0.00000000	0.00000000	0.00000000	0.00000000	0.00000000	0.00000000	0.00010560	0.00074946	24	24	0.85975647	0	true
