schema	fixture	kernel	sequence_bases	resolution	k	sketch_units	build_ms	matrix_median_ms	bytes	cells	missing_cells	mean_abs_error	p50_abs_error	p95_abs_error	max_abs_error	mashmap_mean_abs_error	mashmap_p95_abs_error	forward_votes	reverse_votes	ambiguous_votes	direction_correct_cells	direction_tested_cells
phase0-v1	identity	coordinated_bottom_s	262144	32	21	1024	219.790	5.683	2097152	1024	0	0.00009423	0.00000000	0.00034866	0.00366960	0.00000000	0.00000000	29905	0	0	32	32
phase0-v1	identity	minmer_postings	262144	32	21	1024	282.234	0.411	10271872	1024	1	0.00274224	0.00000000	0.03038075	0.03505588	0.00281151	0.03148836	32769	0	0	31	31
phase0-v1	identity	bbit_oph	262144	32	21	1024	20.421	0.568	3221524	1024	0	0.00011553	0.00000000	0.00066822	0.00556822	0.00011426	0.00061876	46542	0	0	32	32
phase0-v1	identity	densified_bbit_oph	262144	32	21	1024	33.201	0.524	3794964	1024	0	0.00011555	0.00000000	0.00063743	0.00560105	0.00011462	0.00065564	29824	0	0	32	32
phase0-v1	identity	setsketch_like_joint	262144	32	21	1024	16.172	21.223	2097152	1024	0	0.52413559	0.81413007	0.89979650	0.92746929	0.52411299	0.89979650	29789	0	0	32	32
phase0-v1	substitution_01pct	coordinated_bottom_s	262144	32	21	1024	219.538	5.830	2097152	1024	0	0.00013753	0.00000000	0.00089027	0.00583905	0.00000000	0.00000000	22615	0	0	32	32
phase0-v1	substitution_01pct	minmer_postings	262144	32	21	1024	284.078	0.440	10272192	1024	1	0.00272316	0.00000000	0.03012875	0.03564685	0.00280121	0.03115953	26569	0	0	31	31
phase0-v1	substitution_01pct	bbit_oph	262144	32	21	1024	20.203	0.560	3221544	1024	0	0.00014413	0.00000000	0.00107759	0.00527810	0.00016593	0.00105328	22541	0	0	32	32
phase0-v1	substitution_01pct	densified_bbit_oph	262144	32	21	1024	33.249	0.632	3794984	1024	0	0.00014393	0.00000000	0.00106510	0.00528384	0.00016584	0.00106308	22541	0	0	32	32
phase0-v1	substitution_01pct	setsketch_like_joint	262144	32	21	1024	16.256	22.189	2097152	1024	0	0.52198422	0.82283054	0.90052546	0.93034737	0.52200241	0.90052546	22014	0	0	32	32
phase0-v1	substitution_05pct	coordinated_bottom_s	262144	32	21	1024	219.810	5.760	2097152	1024	0	0.00025720	0.00000000	0.00246535	0.00734994	0.00000000	0.00000000	8485	0	0	32	32
phase0-v1	substitution_05pct	minmer_postings	262144	32	21	1024	282.522	0.354	10276224	1024	1	0.00260632	0.00000000	0.02862321	0.03514035	0.00276670	0.03078736	11441	0	0	31	31
phase0-v1	substitution_05pct	bbit_oph	262144	32	21	1024	20.167	0.513	3221544	1024	0	0.00034051	0.00000000	0.00287420	0.01211761	0.00038870	0.00278185	8547	0	0	32	32
phase0-v1	substitution_05pct	densified_bbit_oph	262144	32	21	1024	33.113	0.607	3794984	1024	0	0.00034004	0.00000000	0.00284177	0.01209771	0.00038852	0.00273594	8547	0	0	32	32
phase0-v1	substitution_05pct	setsketch_like_joint	262144	32	21	1024	16.288	22.065	2097152	1024	0	0.56721164	0.84365226	0.90461801	0.92661462	0.56719881	0.90461801	8305	0	0	32	32
phase0-v1	substitution_10pct	coordinated_bottom_s	262144	32	21	1024	219.245	5.716	2097152	1024	0	0.00061101	0.00000000	0.00523025	0.02453192	0.00000000	0.00000000	2657	0	0	32	32
phase0-v1	substitution_10pct	minmer_postings	262144	32	21	1024	284.618	0.301	10277824	1024	1	0.00241744	0.00000000	0.02606301	0.04462446	0.00262844	0.02768418	3839	0	0	31	31
phase0-v1	substitution_10pct	bbit_oph	262144	32	21	1024	20.036	0.571	3221544	1024	0	0.00061848	0.00000000	0.00494627	0.02636942	0.00091005	0.00676367	2679	0	0	32	32
phase0-v1	substitution_10pct	densified_bbit_oph	262144	32	21	1024	33.177	0.632	3794984	1024	0	0.00061822	0.00000000	0.00490780	0.02633072	0.00091019	0.00675155	2679	0	0	32	32
phase0-v1	substitution_10pct	setsketch_like_joint	262144	32	21	1024	16.253	21.934	2097152	1024	0	0.57447274	0.84644846	0.90625145	0.92738339	0.57443696	0.90625145	2497	0	0	32	32
phase0-v1	indel_05pct	coordinated_bottom_s	262144	32	21	1024	219.504	5.706	2097152	1024	0	0.00293850	0.00000000	0.01221082	0.80312305	0.00000000	0.00000000	510	0	0	32	32
phase0-v1	indel_05pct	minmer_postings	262144	32	21	1024	283.489	0.273	10274496	1024	1	0.00229917	0.00000000	0.02159677	0.08560500	0.00403882	0.03030550	704	0	0	31	31
phase0-v1	indel_05pct	bbit_oph	262144	32	21	1024	20.108	0.524	3221530	1024	0	0.00124978	0.00000000	0.01086764	0.04617926	0.00324955	0.01464138	525	0	0	32	32
phase0-v1	indel_05pct	densified_bbit_oph	262144	32	21	1024	33.146	0.642	3794970	1024	0	0.00125011	0.00000000	0.01085517	0.04620793	0.00324955	0.01464677	525	0	0	32	32
phase0-v1	indel_05pct	setsketch_like_joint	262144	32	21	1024	16.319	21.818	2097152	1024	0	0.54976820	0.83050916	0.90284927	0.93491695	0.55116917	0.90284927	451	0	0	32	32
phase0-v1	offset_1kb	coordinated_bottom_s	262144	32	21	1024	219.284	5.985	2097152	1024	0	0.00011464	0.00000000	0.00039909	0.00636420	0.00000000	0.00000000	30189	0	0	32	32
phase0-v1	offset_1kb	minmer_postings	262144	32	21	1024	283.904	0.433	10273792	1024	1	0.00274497	0.00000000	0.03063648	0.03337656	0.00283285	0.03129152	32988	0	0	31	31
phase0-v1	offset_1kb	bbit_oph	262144	32	21	1024	20.201	0.583	3221528	1024	0	0.00011291	0.00000000	0.00070000	0.00783221	0.00013908	0.00077605	35385	0	0	32	32
phase0-v1	offset_1kb	densified_bbit_oph	262144	32	21	1024	33.053	0.657	3794968	1024	0	0.00011290	0.00000000	0.00071016	0.00779125	0.00013924	0.00076723	30138	0	0	32	32
phase0-v1	offset_1kb	setsketch_like_joint	262144	32	21	1024	16.192	22.413	2097152	1024	0	0.51559196	0.82096381	0.89827501	0.92241987	0.51559654	0.89827501	30074	0	0	32	32
phase0-v1	central_inversion	coordinated_bottom_s	262144	32	21	1024	219.714	5.945	2097152	1024	0	0.00010314	0.00000000	0.00053746	0.00369272	0.00000000	0.00000000	15375	15290	0	0	0
phase0-v1	central_inversion	minmer_postings	262144	32	21	1024	284.447	0.414	10272000	1024	1	0.00286749	0.00000000	0.03072265	0.03496104	0.00292752	0.03148836	16667	17111	0	0	0
phase0-v1	central_inversion	bbit_oph	262144	32	21	1024	20.079	0.583	3221542	1024	0	0.00011965	0.00000000	0.00079371	0.00589371	0.00013221	0.00110000	22747	19069	0	0	0
phase0-v1	central_inversion	densified_bbit_oph	262144	32	21	1024	33.081	0.651	3794982	1024	0	0.00011985	0.00000000	0.00080568	0.00585609	0.00013208	0.00107743	15252	15384	0	0	0
phase0-v1	central_inversion	setsketch_like_joint	262144	32	21	1024	16.232	21.471	2097152	1024	0	0.52089826	0.81346390	0.89964112	0.92891761	0.52088105	0.89964112	15322	15191	0	0	0
phase0-v1	reverse_complement	coordinated_bottom_s	262144	32	21	1024	219.283	6.011	2097152	1024	0	0.00009468	0.00000000	0.00044439	0.00369272	0.00000000	0.00000000	0	29897	0	2	2
phase0-v1	reverse_complement	minmer_postings	262144	32	21	1024	283.713	0.413	10272000	1024	1	0.00276020	0.00000000	0.03044156	0.03496104	0.00282960	0.03147516	0	33458	0	2	2
phase0-v1	reverse_complement	bbit_oph	262144	32	21	1024	20.137	0.582	3221544	1024	0	0.00011570	0.00000000	0.00069371	0.00589371	0.00011384	0.00084266	0	37999	0	2	2
phase0-v1	reverse_complement	densified_bbit_oph	262144	32	21	1024	32.984	0.649	3794984	1024	0	0.00011613	0.00000000	0.00069389	0.00585609	0.00011391	0.00086630	0	29812	0	2	2
phase0-v1	reverse_complement	setsketch_like_joint	262144	32	21	1024	16.216	21.711	2097152	1024	0	0.51913335	0.81730034	0.89877557	0.92891761	0.51911372	0.89877557	0	29707	0	2	2
phase0-v1	low_complexity	coordinated_bottom_s	262144	32	21	1024	44.260	2.153	983072	1024	0	0.00348331	0.00401719	0.00818059	0.01184502	0.00000000	0.00000000	17030	0	512	32	32
phase0-v1	low_complexity	minmer_postings	262144	32	21	1024	77.747	0.189	4148688	1024	1	0.02370388	0.01962470	0.02806702	0.26463655	0.02375319	0.02806702	17253	0	528	31	31
phase0-v1	low_complexity	bbit_oph	262144	32	21	1024	7.648	0.606	3221536	1024	0	0.00664334	0.00566702	0.01482546	0.02512757	0.00593256	0.01606822	14603	0	0	32	32
phase0-v1	low_complexity	densified_bbit_oph	262144	32	21	1024	16.061	0.624	3794976	1024	0	0.00895794	0.00897175	0.02139495	0.03742456	0.00848519	0.02167486	18438	0	16	32	32
phase0-v1	low_complexity	setsketch_like_joint	262144	32	21	1024	7.149	10.998	2097152	1024	0	0.01366385	0.01067638	0.03241834	0.14871645	0.01494241	0.03729026	14007	0	400	32	32
phase0-v1	tandem_repeat	coordinated_bottom_s	262144	32	21	1024	41.016	0.097	57920	1024	0	0.00000000	0.00000000	0.00000000	0.00000000	0.00000000	0.00000000	28672	0	0	0	0
phase0-v1	tandem_repeat	minmer_postings	262144	32	21	1024	41.454	0.055	154784	1024	1	0.00000000	0.00000000	0.00000000	0.00000000	0.00000000	0.00000000	28644	0	0	0	0
phase0-v1	tandem_repeat	bbit_oph	262144	32	21	1024	3.442	0.637	3221534	1024	0	0.00001250	0.00000000	0.00000000	0.00040000	0.00001250	0.00000000	54432	0	0	0	0
phase0-v1	tandem_repeat	densified_bbit_oph	262144	32	21	1024	11.215	0.660	3794974	1024	0	0.00001650	0.00000000	0.00000000	0.00052794	0.00001650	0.00000000	1035360	0	0	0	0
phase0-v1	tandem_repeat	setsketch_like_joint	262144	32	21	1024	5.599	8.214	2097152	1024	0	0.00000000	0.00000000	0.00000000	0.00000000	0.00000000	0.00000000	27648	0	0	0	0
phase0-v1	unrelated	coordinated_bottom_s	262144	32	21	1024	219.437	5.781	2097152	1024	0	0.00000000	0.00000000	0.00000000	0.00000000	0.00000000	0.00000000	0	0	0	0	0
phase0-v1	unrelated	minmer_postings	262144	32	21	1024	283.491	0.268	10273024	1024	1	0.00000000	0.00000000	0.00000000	0.00000000	0.00000000	0.00000000	0	0	0	0	0
phase0-v1	unrelated	bbit_oph	262144	32	21	1024	20.285	0.556	3221526	1024	0	0.00000000	0.00000000	0.00000000	0.00000000	0.00000000	0.00000000	0	0	0	0	0
phase0-v1	unrelated	densified_bbit_oph	262144	32	21	1024	32.998	0.629	3794966	1024	0	0.00000000	0.00000000	0.00000000	0.00000000	0.00000000	0.00000000	0	0	0	0	0
phase0-v1	unrelated	setsketch_like_joint	262144	32	21	1024	16.252	21.770	2097152	1024	0	0.60657877	0.84674820	0.90529632	0.92338909	0.60657877	0.90529632	0	0	0	0	0
